FIRST_NAME,LAST_NAME,DATE_OF_BIRTH,SALARY
Amely,Balistreri,2080-09-15T12:59:28.405Z,1004645
Vincenza,Steuber,2062-02-01T00:51:08.592Z,1005589
Wade,Mayer,2016-07-07T14:54:17.523Z,1033793
Caesar,Huel,2081-11-28T01:01:16.700Z,1084970
Kattie,Hansen,2051-07-01T17:48:39.534Z,1079468
Libby,Bashirian,2012-01-31T09:43:43.519Z,1095877
Athena,West,1991-10-11T17:05:44.749Z,1098491
Priscilla,Hackett,2009-01-01T11:16:03.840Z,1004568
Jackie,Ullrich,2067-12-11T16:52:48.625Z,1098220
Brody,Langworth,2084-01-01T21:17:32.273Z,1003810
Aryanna,White,2070-02-18T03:38:40.734Z,1044971
Colton,McClure,2050-07-23T07:28:02.000Z,1003483
Abby,Gutmann,2058-10-21T00:24:15.100Z,1080341
Murphy,Bergstrom,2031-08-26T20:33:58.780Z,1014288
Aniyah,Crona,2017-04-22T17:32:07.592Z,1096365
Giuseppe,Rowe,2099-01-28T03:00:01.908Z,1014007
Bart,Glover,2095-03-08T17:51:44.639Z,1095510
Felicity,Swaniawski,2019-01-24T01:05:13.931Z,1088547
Karine,Miller,2024-07-11T00:14:52.837Z,1044731
Torrey,Marks,2056-09-11T07:08:08.482Z,1087199
Rhett,Schultz,1992-10-30T06:00:39.723Z,1012610
Janelle,Kuhn,2053-11-09T07:55:40.858Z,1010505
Stephania,Medhurst,2076-06-11T10:47:22.569Z,1087688
Margie,Daugherty,2095-04-16T10:00:39.737Z,1018086
Jaren,Kling,2015-09-12T07:12:18.135Z,1021958
Kara,Schuppe,2098-12-05T13:11:48.843Z,1087933
Manley,Conn,2024-10-20T01:33:44.477Z,1078740
Carissa,Graham,2025-12-20T14:23:13.670Z,1037767
Jonathan,Mosciski,2029-10-09T03:38:47.316Z,1022761
Rosie,Yundt,2078-01-17T13:09:09.339Z,1020715
Daphnee,Strosin,2007-03-16T02:55:53.018Z,1028106
Ulices,Rogahn,2047-03-31T04:22:31.350Z,1052660
Cary,Von,1996-12-03T22:39:03.195Z,1078977
Burnice,Price,2005-05-12T11:04:59.990Z,1077903
Oscar,Kulas,2089-04-28T20:47:46.457Z,1055453
Graciela,Stiedemann,1996-08-04T17:31:04.401Z,1097473
Kellen,Bauch,2051-09-13T00:33:40.731Z,1042822
Elisabeth,Koepp,2052-05-07T04:49:54.492Z,1017015
Belle,Price,2059-08-08T22:09:47.180Z,1015388
Janiya,Kiehn,2037-02-07T09:27:46.876Z,1054703
Kenyon,Kihn,2074-05-12T14:55:33.454Z,1089471
Delaney,Harris,2054-06-07T17:44:36.048Z,1042069
Giovanna,Mueller,2019-10-17T05:41:56.030Z,1055148
Mabel,Marquardt,2075-12-26T05:36:57.332Z,1039008
Eddie,Cassin,2035-10-11T15:36:37.845Z,1072533
Theron,Willms,2067-05-31T01:15:01.813Z,1066290
Ole,Bayer,2059-02-27T16:28:46.572Z,1003546
Assunta,Jast,2031-08-22T06:23:19.946Z,1098690
Jeffry,Heller,2038-07-18T04:18:29.112Z,1005459
